-- ════════════════════════════════════════════════════════════════
-- init.sql — Base EduAI complète (Docker)
-- Données réelles : 12 classes, 8 matières, 235 étudiants, ~1880 notes
-- ════════════════════════════════════════════════════════════════

-- ─── TABLES ────────────────────────────────────────────────────

CREATE TABLE classes (
    id SERIAL PRIMARY KEY,
    nom_classe VARCHAR(50) UNIQUE NOT NULL
);

CREATE TABLE matieres (
    id SERIAL PRIMARY KEY,
    nom_matiere VARCHAR(100) UNIQUE NOT NULL
);

CREATE TABLE etudiants (
    id SERIAL PRIMARY KEY,
    code_etudiant VARCHAR(20) UNIQUE,
    nom VARCHAR(100),
    prenom VARCHAR(100),
    date_naissance DATE,
    classe_id INT REFERENCES classes(id)
);

CREATE TABLE notes (
    id SERIAL PRIMARY KEY,
    etudiant_id INT NOT NULL REFERENCES etudiants(id),
    matiere_id INT NOT NULL REFERENCES matieres(id),
    note FLOAT CHECK (note >= 0 AND note <= 20)
);

-- ─── DONNÉES : CLASSES (12 nettoyées, sans doublons) ──────────

COPY classes (id, nom_classe) FROM stdin;
1	1APG-1
2	1APG-2
3	2APG-1
4	2APG-2
5	3APG-1
6	3APG-2
7	4APG-1
8	4APG-2
9	5APG-1
10	5APG-2
11	6APG-1
12	6APG-2
\.

-- ─── DONNÉES : MATIÈRES ───────────────────────────────────────

COPY matieres (id, nom_matiere) FROM stdin;
1	Informatique
2	Mathématiques
3	Langue Française
4	Langue Arabe
5	Éducation Islamique
6	Sciences de la Vie
7	Éducation Physique
8	Arts Plastiques
\.

-- ─── DONNÉES : ÉTUDIANTS ──────────────────────────────────────

COPY etudiants (id, code_etudiant, nom, prenom, date_naissance, classe_id) FROM stdin;
1	D195132918	Hamidi	Mouad	2019-03-25	1
2	D229164130	Guessous	Rajae	2021-09-03	1
3	D203119959	Naji	Omar	2020-07-28	1
4	D223188785	Talhaoui	Mouad	2021-06-03	1
5	D225100998	Lamrani	Inass	2020-01-09	1
6	D202179365	Wahbi	Anass	2019-08-17	1
7	D200197977	Madani	Bilal	2019-04-23	1
8	D197103054	Skalli	Leila	2021-03-02	1
9	D199140607	El Fassi	Jalal	2020-11-03	1
10	D202107261	Lebbar	Yasmine	2019-09-13	1
11	D198146374	Jalal	Chaima	2021-07-27	1
12	D228197939	Dahbi	Inass	2019-12-28	1
13	D208122824	El Mansouri	Jalal	2019-02-05	1
14	D221130658	Ennaji	Amira	2019-09-11	1
15	D194165697	Talhaoui	Imane	2020-03-22	1
16	D211152351	Lebbar	Bilal	2019-07-13	1
17	D213194589	Wahbi	Anass	2019-03-02	1
18	D209113860	Hamidi	Chaima	2020-11-08	1
19	D205150273	Hajji	Salma	2021-11-23	1
20	D194165948	Vendôme	Ilyas	2020-07-09	1
21	D206156481	Naji	Yassine	2020-09-05	1
22	D228181089	Kettani	Mohamed	2020-11-22	2
23	D212100565	Ghali	Chaima	2020-06-07	2
24	D200183894	Talhaoui	Rania	2019-11-22	2
25	D212186056	Kabbaj	Jalal	2021-04-14	2
26	D223140702	Skalli	Karim	2021-04-01	2
27	D216161344	Skalli	Lamiae	2020-04-09	2
28	D209109905	Ghali	Rania	2021-01-04	2
29	D227175354	Naciri	Fatima	2020-06-18	2
30	D201134708	Umar	Ismail	2020-07-26	2
31	D214154809	Vendôme	Khalid	2019-08-28	2
32	D219175060	Maghrani	Leila	2020-04-09	2
33	D220187164	Filali	Yasmine	2020-10-21	2
34	D190115055	Wahbi	Hamza	2019-08-17	2
35	D190174660	El Amrani	Younes	2020-11-24	2
36	D216134280	Darif	Oumaima	2019-10-11	2
37	D222130140	Mouhib	Bilal	2019-01-11	2
38	D216130094	Errami	Rania	2020-01-23	2
39	D213109259	Senhaji	Imane	2019-05-09	2
40	D212185537	Mrani	Loubna	2021-03-23	2
41	D198117950	El Fassi	Soukaina	2021-11-04	2
42	D200146387	Laaroussi	Dounia	2020-11-13	3
43	D211106922	Chafik	Meriem	2020-10-06	3
44	D197119210	Ghali	Basma	2019-03-24	3
45	D196130848	Jouhari	Achraf	2018-04-13	3
46	D218148905	Vendôme	Hajar	2018-03-25	3
47	D200117399	Ziani	Ayoub	2019-01-10	3
48	D197164545	Ouazzani	Rania	2020-05-10	3
49	D210143848	Chakir	Hamza	2019-03-20	3
50	D225119758	Mehdi	Dounia	2019-10-08	3
51	D216167144	Laaroussi	Chaimae	2019-12-13	3
52	D203131688	Filali	Meriem	2020-07-02	3
53	D190174129	Sabri	Lamiae	2020-02-14	3
54	D193133370	El Ouafi	Loubna	2018-11-10	3
55	D222151881	Ennaji	Nizar	2018-11-02	3
56	D211156972	El Amrani	Chaima	2018-10-08	3
57	D226163522	Maghrani	Ilyas	2020-03-08	3
58	D201117644	Ouali	Ismail	2020-04-26	3
59	D223188113	Filali	Rayan	2020-05-06	3
60	D204190059	El Amrani	Soukaina	2018-04-17	3
61	D226143802	Hassani	Hamza	2019-06-25	4
62	D217108146	Naji	Ismail	2020-01-02	4
63	D206101328	Fathi	Bilal	2019-03-09	4
64	D200145163	Ghali	Rania	2020-06-04	4
65	D193103567	Tazi	Walid	2019-04-15	4
66	D212141677	Bouchaib	Mehdi	2018-07-01	4
67	D191123061	Wahbi	Nadia	2018-02-01	4
68	D190156892	Chafik	Zakaria	2019-02-21	4
69	D221155541	El Fassi	Nizar	2020-12-12	4
70	D210193333	Mrani	Yasmine	2020-11-09	4
71	D192128797	Karim	Karim	2020-04-03	4
72	D205127871	Karim	Ismail	2019-10-20	4
73	D206110175	Tazi	Reda	2018-10-24	4
74	D218155812	Kabbaj	Imane	2018-05-16	4
75	D224113872	Skalli	Salma	2018-10-23	4
76	D207159476	Mrani	Zineb	2018-02-19	4
77	D193173807	Bouchaib	Sara	2018-12-01	4
78	D227175855	Umar	Khalid	2019-04-14	4
79	D196101667	Ouazzani	Karim	2019-04-07	4
80	D201192492	Filali	Rania	2018-12-10	4
81	D196110182	Sabri	Walid	2018-07-13	4
82	D207195369	Jalal	Rim	2019-03-25	5
83	D208178346	Jalal	Hamza	2018-07-05	5
84	D206183167	Lahlou	Abdelali	2018-05-17	5
85	D198165862	Ennaji	Taha	2017-06-17	5
86	D225157019	Bouchaib	Ziad	2019-02-08	5
87	D227110793	Lebbar	Aya	2019-12-13	5
88	D190125572	Ouali	Ilyas	2018-02-03	5
89	D197119215	Mrani	Hajar	2017-05-07	5
90	D202111665	Filali	Rim	2019-11-21	5
91	D211166051	Benmoussa	Salma	2017-05-13	5
92	D203145627	Saidi	Saad	2019-10-12	5
93	D203182321	Hamdouch	Yassine	2019-11-08	5
94	D212173057	Ibrahimi	Basma	2018-03-20	5
95	D191179415	Talhaoui	Achraf	2019-05-01	5
96	D224141885	El Ouafi	Khadija	2018-01-03	5
97	D211190837	Sabri	Rania	2018-03-18	5
98	D211155526	Jouhari	Hind	2019-05-02	5
99	D220151250	Chakir	Mohamed	2017-11-03	5
100	D214133942	Wahbi	Adil	2018-06-19	5
101	D206189264	Mrani	Omar	2018-03-03	5
102	D227116282	Mehdi	Widad	2018-10-08	6
103	D198137638	Karim	Rania	2018-03-05	6
104	D199132367	Yacoubi	Chaimae	2019-09-09	6
105	D214112120	Jalal	Khalid	2018-07-24	6
106	D194165508	Benmoussa	Siham	2018-04-16	6
107	D219109160	Mrani	Nadia	2019-01-05	6
108	D192108471	Ezzine	Jihane	2018-12-18	6
109	D202184309	Jouhari	Omar	2019-01-15	6
110	D203195446	Senhaji	Houda	2019-12-01	6
111	D198171999	Ennaji	Othmane	2019-07-06	6
112	D193181946	Mrani	Amine	2019-01-10	6
113	D221117849	Zaki	Rayan	2018-06-25	6
114	D211175500	Hamdouch	Ziad	2017-12-02	6
115	D206123272	Sabri	Soukaina	2017-11-14	6
116	D216194420	Sabri	Inass	2017-07-23	6
117	D191192059	Saidi	Rim	2017-09-06	6
118	D191120895	Wardi	Mouad	2019-12-27	6
119	D212152572	Lahlou	Meriem	2018-06-13	6
120	D225160772	Naji	Widad	2016-01-05	7
121	D201142957	Darif	Tariq	2017-12-21	7
122	D227120099	Skalli	Fatima	2017-09-22	7
123	D215143278	Hajji	Houda	2018-02-26	7
124	D194111730	Lamrani	Soukaina	2017-04-23	7
125	D216130156	Naji	Rayan	2017-03-08	7
126	D220149775	Dahbi	Mouad	2018-01-03	7
127	D201185512	Rahmouni	Saad	2017-09-01	7
128	D207196563	Bouchaib	Basma	2018-07-11	7
129	D198163370	Saidi	Khadija	2018-06-23	7
130	D221178243	Filali	Houda	2017-11-17	7
131	D196163425	Rahmouni	Soukaina	2018-08-25	7
132	D190149937	Ghali	Soufiane	2016-06-16	7
133	D198115955	Sabri	Yassine	2016-12-07	7
134	D227197613	Wahbi	Basma	2016-02-05	7
135	D193105694	Mrani	Othmane	2017-01-12	7
136	D203167772	Ghali	Dounia	2016-10-07	7
137	D213145451	Rami	Leila	2017-08-12	7
138	D218113720	Hassani	Sara	2017-01-21	7
139	D208148338	Rachidi	Dounia	2016-07-26	8
140	D220184978	Lebbar	Tariq	2018-05-26	8
141	D195143512	Benmoussa	Tariq	2017-09-20	8
142	D190122926	Ouali	Amine	2018-06-23	8
143	D210197479	Ziani	Anass	2017-11-09	8
144	D204187206	Mehdi	Nour	2016-10-27	8
145	D194110690	El Fassi	Adil	2016-11-16	8
146	D205107040	Madani	Imane	2017-06-08	8
147	D190144716	Ouazzani	Nour	2018-07-06	8
148	D201122212	Karim	Badr	2017-12-26	8
149	D209146339	Fathi	Chaimae	2016-03-02	8
150	D227133931	El Ouafi	Bilal	2017-11-12	8
151	D197178414	Dahbi	Rayan	2016-05-14	8
152	D202141513	Benali	Mouad	2018-10-22	8
153	D217166792	El Ouafi	Anass	2018-04-07	8
154	D208167971	Umar	Jalal	2016-08-08	8
155	D203113165	Umar	Omar	2017-08-26	8
156	D217101935	Filali	Dounia	2016-04-09	8
157	D194109025	Benmoussa	Mohamed	2016-02-04	8
158	D218150516	Ouazzani	Sami	2016-06-06	9
159	D219142027	Filali	Basma	2016-04-17	9
160	D209178481	Filali	Siham	2017-05-22	9
161	D225141443	Fathi	Omar	2015-01-17	9
162	D225154568	Chafik	Nadia	2016-02-09	9
163	D197198697	Chakir	Imane	2015-08-26	9
164	D194177066	Errami	Khalid	2017-07-27	9
165	D223170219	El Fassi	Nour	2015-04-27	9
166	D207197528	Guessous	Reda	2017-08-20	9
167	D219170421	Tazi	Nour	2016-03-18	9
168	D196117714	Laaroussi	Tariq	2015-09-20	9
169	D223116430	Errami	Hamza	2017-04-28	9
170	D191136967	Laaroussi	Amira	2017-05-26	9
171	D228125924	Vendôme	Anass	2017-01-03	9
172	D220145743	Maghrani	Nour	2015-03-21	9
173	D205127491	Errami	Houda	2016-06-22	9
174	D196195890	Hamidi	Oumaima	2017-09-19	9
175	D219122678	Saidi	Jihane	2016-11-09	9
176	D207102307	Laaroussi	Rim	2015-09-15	10
177	D224135673	Mrani	Aya	2016-03-20	10
178	D201170398	Mehdi	Jihane	2017-10-20	10
179	D220113713	Rachidi	Mehdi	2015-09-04	10
180	D227168116	Lahlou	Basma	2017-09-13	10
181	D227178192	Chafik	Aya	2015-08-19	10
182	D191184308	Lamrani	Ziad	2015-12-22	10
183	D226127359	Kabbaj	Lamiae	2015-12-10	10
184	D214187697	Naji	Inass	2015-05-07	10
185	D203177299	Zerhouni	Saad	2017-01-06	10
186	D229119209	Filali	Badr	2017-07-23	10
187	D194143445	Wardi	Nizar	2016-02-03	10
188	D215132372	Hamidi	Khadija	2017-02-03	10
189	D227156589	Ghali	Inass	2017-12-11	10
190	D204118578	Jouhari	Salma	2015-08-05	10
191	D212109883	Jalal	Tariq	2016-12-13	10
192	D224102814	Hajji	Dounia	2016-09-22	10
193	D195157888	Wahbi	Nizar	2015-11-07	10
194	D194132527	Saidi	Amira	2015-04-08	10
195	D214185221	El Ouafi	Lamiae	2016-04-11	11
196	D226182989	Hamdouch	Siham	2014-10-25	11
197	D198101326	Naciri	Nabil	2016-07-26	11
198	D197132319	Lamrani	Soukaina	2014-05-12	11
199	D200103658	Maghrani	Soufiane	2016-07-26	11
200	D222138013	Chakir	Abdelali	2016-12-11	11
201	D208183069	Saidi	Ayoub	2014-03-28	11
202	D220174619	Ghali	Ayoub	2016-05-19	11
203	D195165354	Chakir	Zineb	2014-10-28	11
204	D197161988	Errami	Maryam	2016-08-11	11
205	D199107663	Ibrahimi	Chaima	2016-12-20	11
206	D198183894	Mouhib	Khadija	2014-04-09	11
207	D202150113	Karim	Saad	2015-08-26	11
208	D193188321	El Idrissi	Walid	2016-08-21	11
209	D198156591	Lamrani	Khalid	2014-01-26	11
210	D213130055	Tazi	Sara	2015-07-24	11
211	D229118512	Madani	Ghita	2016-12-06	11
212	D210190141	Wahbi	Dounia	2015-07-02	11
213	D193137543	Ennaji	Nour	2016-02-08	11
214	D209166152	Chafik	Ilyas	2015-09-04	11
215	D213190037	Hamidi	Soufiane	2014-12-05	11
216	D227164312	Jalal	Abdelali	2015-02-07	11
217	D197178799	Ziani	Adil	2015-08-28	12
218	D218168875	El Amrani	Ayoub	2014-06-17	12
219	D221179177	Ibrahimi	Badr	2015-03-07	12
220	D193144468	Umar	Reda	2014-01-19	12
221	D198176185	Lahlou	Rayan	2015-12-03	12
222	D202123806	Naji	Yassine	2016-06-19	12
223	D192195158	Filali	Nizar	2014-01-19	12
224	D213125247	Benmoussa	Salma	2015-08-09	12
225	D204114030	Hassani	Amira	2016-10-09	12
226	D228188922	Benali	Bilal	2016-02-03	12
227	D195178032	Filali	Zineb	2014-09-19	12
228	D198133536	Madani	Nadia	2015-10-14	12
229	D206145696	Lahlou	Reda	2015-08-25	12
230	D225118233	Hamidi	Achraf	2016-08-23	12
231	D223138585	Umar	Jalal	2016-05-15	12
232	D208112665	Madani	Walid	2014-05-06	12
233	D218116047	Ouali	Taha	2016-10-07	12
234	D204107017	El Idrissi	Hicham	2015-10-15	12
235	D228128512	Ziani	Younes	2016-11-27	12
236	D615729019	Khaldoun	Ali	2018-05-19	\N
\.

-- ─── DONNÉES : NOTES ──────────────────────────────────────────

COPY notes (id, etudiant_id, matiere_id, note) FROM stdin;
2	2	1	12
3	3	1	10
4	4	1	12
5	5	1	10.5
6	6	1	16.5
7	7	1	11
8	8	1	9.5
9	9	1	12.5
10	10	1	10.5
11	11	1	13.5
12	12	1	13.5
13	13	1	15
14	14	1	9.5
15	15	1	12
16	16	1	11.5
17	17	1	6.5
18	18	1	10
19	19	1	7.5
20	20	1	12
21	21	1	10.5
22	1	2	13.5
23	2	2	14
24	3	2	5.5
25	4	2	14
26	5	2	11.5
27	6	2	12.5
28	7	2	12.5
29	8	2	9
30	9	2	13
31	10	2	17.5
32	11	2	7
33	12	2	9
34	13	2	9
35	14	2	5.5
36	15	2	16
37	16	2	14
38	17	2	13
39	18	2	15
40	19	2	13.5
41	20	2	6.5
42	21	2	11
43	1	3	14.5
44	2	3	14
45	3	3	15.5
46	4	3	19
47	5	3	11.5
48	6	3	12.5
49	7	3	14
50	8	3	15.5
51	9	3	10.5
52	10	3	16
53	11	3	15.5
54	12	3	11
55	13	3	10.5
56	14	3	11.5
57	15	3	15
58	16	3	9.5
59	17	3	16
60	18	3	12.5
61	19	3	14
62	20	3	11.5
63	21	3	15.5
64	1	4	8.5
65	2	4	14.5
66	3	4	14
67	4	4	11
68	5	4	11
69	6	4	11.5
70	7	4	11
71	8	4	5
72	9	4	14
73	10	4	7
74	11	4	8
75	12	4	14.5
76	13	4	14.5
77	14	4	9.5
78	15	4	11.5
79	16	4	4.5
80	17	4	13
81	18	4	8
82	19	4	5.5
83	20	4	13.5
84	21	4	11
85	1	5	13.5
86	2	5	12.5
87	3	5	14
88	4	5	15
89	5	5	14.5
90	6	5	13.5
91	7	5	16
92	8	5	10
93	9	5	10
94	10	5	8.5
95	11	5	13.5
96	12	5	11.5
97	13	5	12.5
98	14	5	13
99	15	5	10
100	16	5	16.5
101	17	5	10
102	18	5	15.5
103	19	5	16
104	20	5	12.5
105	21	5	9.5
106	1	6	10.5
107	2	6	11
108	3	6	13
109	4	6	8.5
110	5	6	16
111	6	6	12.5
112	7	6	6.5
113	8	6	17
114	9	6	9
115	10	6	6
116	11	6	18
117	12	6	11
118	13	6	14.5
119	14	6	13.5
120	15	6	14.5
121	16	6	10.5
122	17	6	7.5
123	18	6	17.5
124	19	6	14.5
125	20	6	16
126	21	6	11
127	1	7	16.5
128	2	7	16
129	3	7	12.5
130	4	7	17
131	5	7	14.5
132	6	7	14
133	7	7	12.5
134	8	7	15.5
135	9	7	14
136	10	7	13
137	11	7	16.5
138	12	7	17
139	13	7	12.5
140	14	7	8
141	15	7	13.5
142	16	7	12.5
143	17	7	13
144	18	7	18
145	19	7	13.5
146	20	7	14
147	21	7	11.5
148	1	8	13
149	2	8	14
150	3	8	13.5
151	4	8	9
152	5	8	12
153	6	8	11.5
154	7	8	13.5
155	8	8	14.5
156	9	8	15
157	10	8	11.5
158	11	8	15
159	12	8	13
160	13	8	13.5
161	14	8	11
162	15	8	18
163	16	8	15.5
164	17	8	15
165	18	8	15
166	19	8	12.5
167	20	8	11.5
168	21	8	16
169	22	1	18
170	23	1	9
171	24	1	9
172	25	1	13.5
173	26	1	9.5
174	27	1	11.5
175	28	1	11.5
176	29	1	11
177	30	1	11.5
178	31	1	11.5
179	32	1	11
180	33	1	14.5
181	34	1	12
182	35	1	10
183	36	1	9
184	37	1	14
185	38	1	16
186	39	1	13.5
187	40	1	12.5
188	41	1	13
189	22	2	19
190	23	2	9
191	24	2	8.5
192	25	2	11
193	26	2	7
194	27	2	12.5
195	28	2	11.5
196	29	2	8.5
197	30	2	15.5
198	31	2	17
199	32	2	15.5
200	33	2	6.5
201	34	2	9.5
202	35	2	7
203	36	2	12.5
204	37	2	4
205	38	2	12
206	39	2	10
207	40	2	11
208	41	2	13.5
209	22	3	12
210	23	3	12
211	24	3	15
212	25	3	7
213	26	3	12.5
214	27	3	14.5
215	28	3	14
216	29	3	9.5
217	30	3	13.5
218	31	3	15.5
219	32	3	16
220	33	3	15.5
221	34	3	9.5
222	35	3	12
223	36	3	17.5
224	37	3	10
225	38	3	13.5
226	39	3	15.5
227	40	3	11.5
228	41	3	13
229	22	4	12.5
230	23	4	13.5
231	24	4	11
232	25	4	7
233	26	4	11.5
234	27	4	16.5
235	28	4	13.5
236	29	4	8
237	30	4	9
238	31	4	13
239	32	4	9
240	33	4	10.5
241	34	4	16
242	35	4	13
243	36	4	14.5
244	37	4	15
245	38	4	6.5
246	39	4	7
247	40	4	6.5
248	41	4	17.5
249	22	5	13.5
250	23	5	13
251	24	5	10.5
252	25	5	12.5
253	26	5	16
254	27	5	13.5
255	28	5	15
256	29	5	10.5
257	30	5	7.5
258	31	5	15
259	32	5	14
260	33	5	11
261	34	5	11
262	35	5	8.5
263	36	5	12
264	37	5	13.5
265	38	5	13.5
266	39	5	10.5
267	40	5	9.5
268	41	5	13.5
269	22	6	12
270	23	6	8.5
271	24	6	11.5
272	25	6	5
273	26	6	12
274	27	6	12
275	28	6	15.5
276	29	6	12
277	30	6	10.5
278	31	6	14
279	32	6	14
280	33	6	10
281	34	6	15.5
282	35	6	13.5
283	36	6	13.5
284	37	6	15.5
285	38	6	18
286	39	6	13
287	40	6	16
288	41	6	10
289	22	7	13
290	23	7	15
291	24	7	15
292	25	7	17.5
293	26	7	16.5
294	27	7	15
295	28	7	19.5
296	29	7	9.5
297	30	7	15.5
298	31	7	11.5
299	32	7	12.5
300	33	7	16.5
301	34	7	13.5
302	35	7	12.5
303	36	7	17.5
304	37	7	12
305	38	7	12
306	39	7	18.5
307	40	7	14
308	41	7	15
309	22	8	13
310	23	8	16
311	24	8	18.5
312	25	8	16
313	26	8	20
314	27	8	8
315	28	8	13.5
316	29	8	17.5
317	30	8	11.5
318	31	8	15
319	32	8	10.5
320	33	8	11
321	34	8	14.5
322	35	8	17
323	36	8	16.5
324	37	8	11
325	38	8	15
326	39	8	14
327	40	8	13
328	41	8	15
329	42	1	12
330	43	1	15.5
331	44	1	8
332	45	1	11.5
333	46	1	16
334	47	1	11
335	48	1	11
336	49	1	11.5
337	50	1	14
338	51	1	10
339	52	1	10.5
340	53	1	11.5
341	54	1	11.5
342	55	1	10
343	56	1	10
344	57	1	7
345	58	1	10
346	59	1	10.5
347	60	1	15.5
348	42	2	3.5
349	43	2	17
350	44	2	12
351	45	2	12
352	46	2	5
353	47	2	9
354	48	2	10.5
355	49	2	7.5
356	50	2	15
357	51	2	10.5
358	52	2	9.5
359	53	2	12.5
360	54	2	11.5
361	55	2	11
362	56	2	10
363	57	2	12.5
364	58	2	12
365	59	2	12.5
366	60	2	11.5
367	42	3	15.5
368	43	3	4.5
369	44	3	13.5
370	45	3	10.5
371	46	3	11.5
372	47	3	14
373	48	3	14.5
374	49	3	11
375	50	3	13
376	51	3	14.5
377	52	3	11.5
378	53	3	8.5
379	54	3	18.5
380	55	3	11.5
381	56	3	8
382	57	3	13.5
383	58	3	18
384	59	3	13.5
385	60	3	16.5
386	42	4	15.5
387	43	4	4
388	44	4	8.5
389	45	4	11
390	46	4	8
391	47	4	6
392	48	4	13.5
393	49	4	11
394	50	4	11.5
395	51	4	12.5
396	52	4	10.5
397	53	4	12
398	54	4	9
399	55	4	6
400	56	4	10
401	57	4	9
402	58	4	13
403	59	4	6.5
404	60	4	8.5
405	42	5	14.5
406	43	5	12.5
407	44	5	10
408	45	5	9
409	46	5	11.5
410	47	5	10.5
411	48	5	16
412	49	5	11
413	50	5	14
414	51	5	13.5
415	52	5	14.5
416	53	5	10
417	54	5	10
418	55	5	12.5
419	56	5	10
420	57	5	12.5
421	58	5	16.5
422	59	5	12.5
423	60	5	11.5
424	42	6	10.5
425	43	6	14
426	44	6	18.5
427	45	6	12.5
428	46	6	16.5
429	47	6	9.5
430	48	6	14
431	49	6	6
432	50	6	17
433	51	6	14
434	52	6	12.5
435	53	6	13
436	54	6	16.5
437	55	6	11
438	56	6	9
439	57	6	12.5
440	58	6	19
441	59	6	18
442	60	6	7.5
443	42	7	18.5
444	43	7	12
445	44	7	12.5
446	45	7	8
447	46	7	14.5
448	47	7	15.5
449	48	7	17
450	49	7	8.5
451	50	7	11
452	51	7	13.5
453	52	7	11.5
454	53	7	11.5
455	54	7	13
456	55	7	14.5
457	56	7	15.5
458	57	7	16.5
459	58	7	14.5
460	59	7	14.5
461	60	7	9
462	42	8	10.5
463	43	8	10.5
464	44	8	16.5
465	45	8	11.5
466	46	8	13
467	47	8	6
468	48	8	10
469	49	8	16.5
470	50	8	16
471	51	8	13.5
472	52	8	17.5
473	53	8	14
474	54	8	12
475	55	8	14
476	56	8	16.5
477	57	8	17.5
478	58	8	14.5
479	59	8	14.5
480	60	8	15.5
481	61	1	12
482	62	1	16
483	63	1	16.5
484	64	1	8
485	65	1	10.5
486	66	1	14
487	67	1	18
488	68	1	10.5
489	69	1	12.5
490	70	1	13.5
491	71	1	7.5
492	72	1	15
493	73	1	10
494	74	1	13.5
495	75	1	14.5
496	76	1	12
497	77	1	14.5
498	78	1	13
499	79	1	14
500	80	1	12
501	81	1	9
502	61	2	11
503	62	2	14.5
504	63	2	8.5
505	64	2	12
506	65	2	13
507	66	2	6
508	67	2	15
509	68	2	14.5
510	69	2	18.5
511	70	2	9
512	71	2	11
513	72	2	8.5
514	73	2	10.5
515	74	2	14
516	75	2	10.5
517	76	2	14
518	77	2	8
519	78	2	15
520	79	2	3
521	80	2	3.5
522	81	2	14.5
523	61	3	13
524	62	3	14
525	63	3	12.5
526	64	3	8.5
527	65	3	15
528	66	3	15
529	67	3	13
530	68	3	15
531	69	3	20
532	70	3	10
533	71	3	12
534	72	3	10.5
535	73	3	13
536	74	3	17.5
537	75	3	9
538	76	3	12
539	77	3	9.5
540	78	3	19
541	79	3	12.5
542	80	3	15.5
543	81	3	17.5
544	61	4	15.5
545	62	4	10
546	63	4	9
547	64	4	13
548	65	4	2.5
549	66	4	6
550	67	4	12.5
551	68	4	5
552	69	4	9
553	70	4	12
554	71	4	10.5
555	72	4	11.5
556	73	4	12.5
557	74	4	12
558	75	4	12.5
559	76	4	9.5
560	77	4	10
561	78	4	14
562	79	4	10
563	80	4	10
564	81	4	10
565	61	5	10
566	62	5	11.5
567	63	5	17
568	64	5	11.5
569	65	5	11.5
570	66	5	11
571	67	5	15
572	68	5	17.5
573	69	5	8
574	70	5	10.5
575	71	5	16.5
576	72	5	15
577	73	5	9
578	74	5	8.5
579	75	5	11.5
580	76	5	10.5
581	77	5	11.5
582	78	5	16
583	79	5	16
584	80	5	11
585	81	5	13
586	61	6	19.5
587	62	6	17
588	63	6	14
589	64	6	12.5
590	65	6	12
591	66	6	12.5
592	67	6	18
593	68	6	15.5
594	69	6	7.5
595	70	6	10.5
596	71	6	13
597	72	6	14.5
598	73	6	10
599	74	6	13.5
600	75	6	12.5
601	76	6	15
602	77	6	14.5
603	78	6	14.5
604	79	6	9.5
605	80	6	12
606	81	6	16
607	61	7	12
608	62	7	19.5
609	63	7	12.5
610	64	7	15
611	65	7	12
612	66	7	12
613	67	7	14.5
614	68	7	13.5
615	69	7	15.5
616	70	7	13
617	71	7	10
618	72	7	16.5
619	73	7	16.5
620	74	7	15.5
621	75	7	11.5
622	76	7	12.5
623	77	7	16.5
624	78	7	17
625	79	7	10.5
626	80	7	13
627	81	7	20
628	61	8	17
629	62	8	13
630	63	8	11
631	64	8	12
632	65	8	13
633	66	8	12
634	67	8	16
635	68	8	14
636	69	8	12.5
637	70	8	18.5
638	71	8	14.5
639	72	8	14.5
640	73	8	13
641	74	8	12
642	75	8	12.5
643	76	8	11
644	77	8	17
645	78	8	12
646	79	8	13.5
647	80	8	17.5
648	81	8	14
649	82	1	13.5
650	83	1	16
651	84	1	15
652	85	1	13
653	86	1	12.5
654	87	1	13
655	88	1	8
656	89	1	8
657	90	1	14
658	91	1	16.5
659	92	1	8.5
660	93	1	14.5
661	94	1	14.5
662	95	1	13.5
663	96	1	11.5
664	97	1	10.5
665	98	1	12.5
666	99	1	17
667	100	1	14
668	101	1	7.5
669	82	2	10
670	83	2	7.5
671	84	2	12.5
672	85	2	8
673	86	2	9.5
674	87	2	13
675	88	2	7.5
676	89	2	11
677	90	2	7.5
678	91	2	15
679	92	2	13
680	93	2	9
681	94	2	15.5
682	95	2	20
683	96	2	13.5
684	97	2	15
685	98	2	13.5
686	99	2	14
687	100	2	16
688	101	2	11
689	82	3	12.5
690	83	3	7.5
691	84	3	11.5
692	85	3	8.5
693	86	3	16.5
694	87	3	8.5
695	88	3	15
696	89	3	13
697	90	3	13
698	91	3	15
699	92	3	14
700	93	3	13
701	94	3	4
702	95	3	14.5
703	96	3	11.5
704	97	3	13
705	98	3	15
706	99	3	9.5
707	100	3	9.5
708	101	3	11.5
709	82	4	12.5
710	83	4	11
711	84	4	5.5
712	85	4	17
713	86	4	14.5
714	87	4	11
715	88	4	16
716	89	4	12.5
717	90	4	12
718	91	4	13.5
719	92	4	11.5
720	93	4	11
721	94	4	7.5
722	95	4	14.5
723	96	4	17
724	97	4	18
725	98	4	17.5
726	99	4	7
727	100	4	8.5
728	101	4	12.5
729	82	5	11.5
730	83	5	10.5
731	84	5	14.5
732	85	5	6.5
733	86	5	14
734	87	5	15.5
735	88	5	11
736	89	5	8.5
737	90	5	13.5
738	91	5	13
739	92	5	12
740	93	5	14.5
741	94	5	16.5
742	95	5	11.5
743	96	5	15
744	97	5	12.5
745	98	5	8
746	99	5	16
747	100	5	10
748	101	5	9.5
749	82	6	13
750	83	6	14
751	84	6	14.5
752	85	6	12.5
753	86	6	11
754	87	6	8.5
755	88	6	8.5
756	89	6	14
757	90	6	13.5
758	91	6	11.5
759	92	6	12.5
760	93	6	8.5
761	94	6	12
762	95	6	15.5
763	96	6	13.5
764	97	6	4.5
765	98	6	14.5
766	99	6	11.5
767	100	6	12.5
768	101	6	13
769	82	7	12
770	83	7	11.5
771	84	7	14.5
772	85	7	9.5
773	86	7	15.5
774	87	7	16
775	88	7	12
776	89	7	15
777	90	7	12.5
778	91	7	13
779	92	7	14
780	93	7	13
781	94	7	17.5
782	95	7	13.5
783	96	7	13
784	97	7	10
785	98	7	11.5
786	99	7	15.5
787	100	7	12
788	101	7	9
789	82	8	16
790	83	8	12
791	84	8	12.5
792	85	8	14
793	86	8	14.5
794	87	8	11.5
795	88	8	12.5
796	89	8	15
797	90	8	12.5
798	91	8	11.5
799	92	8	15.5
800	93	8	15.5
801	94	8	12
802	95	8	16.5
803	96	8	16.5
804	97	8	14
805	98	8	14
806	99	8	14
807	100	8	20
808	101	8	16.5
809	102	1	11.5
810	103	1	16
811	104	1	16
812	105	1	11.5
813	106	1	15.5
814	107	1	18
815	108	1	5.5
816	109	1	12
817	110	1	15.5
818	111	1	10.5
819	112	1	15
820	113	1	8.5
821	114	1	13
822	115	1	12.5
823	116	1	10.5
824	117	1	17.5
825	118	1	17
826	119	1	15.5
827	102	2	9
828	103	2	16
829	104	2	10.5
830	105	2	8
831	106	2	11.5
832	107	2	7
833	108	2	4.5
834	109	2	13
835	110	2	10
836	111	2	4.5
837	112	2	10.5
838	113	2	12.5
839	114	2	6.5
840	115	2	14
841	116	2	9
842	117	2	10.5
843	118	2	15.5
844	119	2	6.5
845	102	3	16
846	103	3	11
847	104	3	13
848	105	3	13
849	106	3	9.5
850	107	3	12
851	108	3	13.5
852	109	3	12
853	110	3	10
854	111	3	10.5
855	112	3	16.5
856	113	3	11
857	114	3	9
858	115	3	20
859	116	3	8.5
860	117	3	6.5
861	118	3	18.5
862	119	3	12
863	102	4	14.5
864	103	4	11.5
865	104	4	10.5
866	105	4	8.5
867	106	4	17.5
868	107	4	14.5
869	108	4	13
870	109	4	11
871	110	4	17.5
872	111	4	12
873	112	4	5
874	113	4	11
875	114	4	15.5
876	115	4	5.5
877	116	4	10
878	117	4	19
879	118	4	12.5
880	119	4	7
881	102	5	15
882	103	5	17.5
883	104	5	14.5
884	105	5	5.5
885	106	5	11
886	107	5	9
887	108	5	11
888	109	5	16
889	110	5	6.5
890	111	5	15
891	112	5	11
892	113	5	15.5
893	114	5	11.5
894	115	5	5.5
895	116	5	11
896	117	5	13
897	118	5	16
898	119	5	12
899	102	6	16
900	103	6	13.5
901	104	6	11.5
902	105	6	8
903	106	6	12
904	107	6	13
905	108	6	11
906	109	6	12
907	110	6	12.5
908	111	6	18.5
909	112	6	16.5
910	113	6	7.5
911	114	6	9
912	115	6	17
913	116	6	9.5
914	117	6	15
915	118	6	11
916	119	6	10.5
917	102	7	14
918	103	7	18.5
919	104	7	14.5
920	105	7	12
921	106	7	12.5
922	107	7	20
923	108	7	9.5
924	109	7	15.5
925	110	7	12.5
926	111	7	15.5
927	112	7	17
928	113	7	19
929	114	7	14.5
930	115	7	11.5
931	116	7	13.5
932	117	7	13.5
933	118	7	12
934	119	7	15.5
935	102	8	12
936	103	8	18.5
937	104	8	13.5
938	105	8	10.5
939	106	8	13.5
940	107	8	17.5
941	108	8	15
942	109	8	15
943	110	8	14
944	111	8	18.5
945	112	8	12
946	113	8	12.5
947	114	8	14
948	115	8	11.5
949	116	8	11.5
950	117	8	14.5
951	118	8	11
952	119	8	14
953	120	1	12.5
954	121	1	16.5
955	122	1	12
956	123	1	12
957	124	1	17.5
958	125	1	11.5
959	126	1	15
960	127	1	11.5
961	128	1	13.5
962	129	1	15
963	130	1	13.5
964	131	1	11
965	132	1	14.5
966	133	1	7.5
967	134	1	8
968	135	1	10
969	136	1	16
970	137	1	11
971	138	1	16.5
972	120	2	5.5
973	121	2	9
974	122	2	7
975	123	2	13
976	124	2	10
977	125	2	9.5
978	126	2	7.5
979	127	2	11.5
980	128	2	8.5
981	129	2	11
982	130	2	14.5
983	131	2	18.5
984	132	2	16
985	133	2	15.5
986	134	2	13.5
987	135	2	8.5
988	136	2	8.5
989	137	2	19.5
990	138	2	10
991	120	3	10
992	121	3	11
993	122	3	12
994	123	3	15
995	124	3	14.5
996	125	3	7
997	126	3	12
998	127	3	10
999	128	3	12
1000	129	3	9
1001	130	3	13.5
1002	131	3	14.5
1003	132	3	13
1004	133	3	9.5
1005	134	3	12.5
1006	135	3	8.5
1007	136	3	16
1008	137	3	11
1009	138	3	8.5
1010	120	4	9.5
1011	121	4	11
1012	122	4	8.5
1013	123	4	15.5
1014	124	4	9.5
1015	125	4	8.5
1016	126	4	10.5
1017	127	4	9.5
1018	128	4	16
1019	129	4	15
1020	130	4	11.5
1021	131	4	0
1022	132	4	15.5
1023	133	4	4
1024	134	4	19
1025	135	4	9.5
1026	136	4	12.5
1027	137	4	9
1028	138	4	9.5
1029	120	5	10.5
1030	121	5	16.5
1031	122	5	11
1032	123	5	8.5
1033	124	5	12
1034	125	5	14.5
1035	126	5	13.5
1036	127	5	13.5
1037	128	5	15
1038	129	5	12
1039	130	5	11
1040	131	5	13.5
1041	132	5	13.5
1042	133	5	11.5
1043	134	5	11.5
1044	135	5	11.5
1045	136	5	13.5
1046	137	5	5
1047	138	5	11.5
1048	120	6	11.5
1049	121	6	11
1050	122	6	19.5
1051	123	6	12.5
1052	124	6	14
1053	125	6	11
1054	126	6	10.5
1055	127	6	16.5
1056	128	6	11
1057	129	6	15.5
1058	130	6	11.5
1059	131	6	15
1060	132	6	12
1061	133	6	12
1062	134	6	16
1063	135	6	18
1064	136	6	9.5
1065	137	6	11
1066	138	6	19
1067	120	7	15.5
1068	121	7	16
1069	122	7	13.5
1070	123	7	14
1071	124	7	16
1072	125	7	10
1073	126	7	14.5
1074	127	7	9.5
1075	128	7	15
1076	129	7	11
1077	130	7	18.5
1078	131	7	13
1079	132	7	13.5
1080	133	7	16
1081	134	7	18.5
1082	135	7	16.5
1083	136	7	15
1084	137	7	15
1085	138	7	11.5
1086	120	8	11.5
1087	121	8	11.5
1088	122	8	14
1089	123	8	14.5
1090	124	8	15.5
1091	125	8	11.5
1092	126	8	12
1093	127	8	13
1094	128	8	14.5
1095	129	8	10.5
1096	130	8	13.5
1097	131	8	9.5
1098	132	8	11.5
1099	133	8	12
1100	134	8	13
1101	135	8	10.5
1102	136	8	12.5
1103	137	8	10.5
1104	138	8	17
1105	139	1	11
1106	140	1	7
1107	141	1	16
1108	142	1	13.5
1109	143	1	9.5
1110	144	1	15
1111	145	1	15
1112	146	1	13
1113	147	1	8
1114	148	1	11.5
1115	149	1	11.5
1116	150	1	12.5
1117	151	1	17
1118	152	1	13
1119	153	1	14.5
1120	154	1	7
1121	155	1	9.5
1122	156	1	13
1123	157	1	14
1124	139	2	8
1125	140	2	8.5
1126	141	2	6.5
1127	142	2	17
1128	143	2	7
1129	144	2	13
1130	145	2	7.5
1131	146	2	8.5
1132	147	2	13.5
1133	148	2	15
1134	149	2	16.5
1135	150	2	14.5
1136	151	2	14
1137	152	2	19
1138	153	2	13
1139	154	2	8
1140	155	2	12
1141	156	2	10
1142	157	2	7.5
1143	139	3	14.5
1144	140	3	13
1145	141	3	12.5
1146	142	3	13.5
1147	143	3	18
1148	144	3	11.5
1149	145	3	17
1150	146	3	8.5
1151	147	3	9.5
1152	148	3	13.5
1153	149	3	14
1154	150	3	18
1155	151	3	10.5
1156	152	3	13.5
1157	153	3	7
1158	154	3	13.5
1159	155	3	14
1160	156	3	20
1161	157	3	9.5
1162	139	4	13.5
1163	140	4	11.5
1164	141	4	9.5
1165	142	4	9
1166	143	4	8
1167	144	4	9.5
1168	145	4	13
1169	146	4	12.5
1170	147	4	16
1171	148	4	10.5
1172	149	4	8.5
1173	150	4	10
1174	151	4	7.5
1175	152	4	14.5
1176	153	4	11.5
1177	154	4	13.5
1178	155	4	11.5
1179	156	4	11.5
1180	157	4	14.5
1181	139	5	12.5
1182	140	5	9.5
1183	141	5	15
1184	142	5	6.5
1185	143	5	16.5
1186	144	5	8.5
1187	145	5	9.5
1188	146	5	12.5
1189	147	5	13
1190	148	5	11.5
1191	149	5	12.5
1192	150	5	6.5
1193	151	5	14
1194	152	5	13
1195	153	5	16.5
1196	154	5	12
1197	155	5	13
1198	156	5	10
1199	157	5	13.5
1200	139	6	12
1201	140	6	11
1202	141	6	14
1203	142	6	16
1204	143	6	11
1205	144	6	13
1206	145	6	11.5
1207	146	6	12
1208	147	6	14.5
1209	148	6	14
1210	149	6	13.5
1211	150	6	11
1212	151	6	14
1213	152	6	10
1214	153	6	12.5
1215	154	6	16.5
1216	155	6	15
1217	156	6	3.5
1218	157	6	12
1219	139	7	17
1220	140	7	17
1221	141	7	18
1222	142	7	14.5
1223	143	7	12.5
1224	144	7	15
1225	145	7	14.5
1226	146	7	14.5
1227	147	7	10.5
1228	148	7	13.5
1229	149	7	17
1230	150	7	15.5
1231	151	7	13.5
1232	152	7	18.5
1233	153	7	14
1234	154	7	17.5
1235	155	7	11
1236	156	7	13.5
1237	157	7	9.5
1238	139	8	12
1239	140	8	16
1240	141	8	14
1241	142	8	14.5
1242	143	8	14
1243	144	8	10.5
1244	145	8	14.5
1245	146	8	11.5
1246	147	8	17.5
1247	148	8	14.5
1248	149	8	13
1249	150	8	11.5
1250	151	8	11.5
1251	152	8	12
1252	153	8	13.5
1253	154	8	13
1254	155	8	14
1255	156	8	11
1256	157	8	15
1257	158	1	12.5
1258	159	1	13.5
1259	160	1	9.5
1260	161	1	8
1261	162	1	9.5
1262	163	1	11
1263	164	1	10.5
1264	165	1	11.5
1265	166	1	12
1266	167	1	13.5
1267	168	1	9
1268	169	1	13.5
1269	170	1	8
1270	171	1	10
1271	172	1	11.5
1272	173	1	13
1273	174	1	11
1274	175	1	7.5
1275	158	2	20
1276	159	2	8.5
1277	160	2	7.5
1278	161	2	13
1279	162	2	13
1280	163	2	10
1281	164	2	13.5
1282	165	2	14
1283	166	2	9
1284	167	2	9.5
1285	168	2	12
1286	169	2	13.5
1287	170	2	16.5
1288	171	2	7
1289	172	2	14
1290	173	2	12.5
1291	174	2	7.5
1292	175	2	7
1293	158	3	11
1294	159	3	12
1295	160	3	10.5
1296	161	3	11.5
1297	162	3	6.5
1298	163	3	17
1299	164	3	12
1300	165	3	10.5
1301	166	3	15
1302	167	3	13.5
1303	168	3	10.5
1304	169	3	17
1305	170	3	11.5
1306	171	3	18.5
1307	172	3	5
1308	173	3	5.5
1309	174	3	12
1310	175	3	15.5
1311	158	4	9
1312	159	4	15
1313	160	4	0.5
1314	161	4	19
1315	162	4	19
1316	163	4	16.5
1317	164	4	13
1318	165	4	16.5
1319	166	4	15
1320	167	4	12.5
1321	168	4	5.5
1322	169	4	10.5
1323	170	4	13
1324	171	4	9.5
1325	172	4	14
1326	173	4	9.5
1327	174	4	12.5
1328	175	4	17
1329	158	5	12.5
1330	159	5	16.5
1331	160	5	10
1332	161	5	15.5
1333	162	5	13
1334	163	5	15
1335	164	5	10.5
1336	165	5	18
1337	166	5	15
1338	167	5	11
1339	168	5	15.5
1340	169	5	11
1341	170	5	13
1342	171	5	15
1343	172	5	8.5
1344	173	5	14.5
1345	174	5	12
1346	175	5	13.5
1347	158	6	9.5
1348	159	6	13
1349	160	6	9.5
1350	161	6	13
1351	162	6	9.5
1352	163	6	13.5
1353	164	6	11.5
1354	165	6	16
1355	166	6	11
1356	167	6	11.5
1357	168	6	7
1358	169	6	13.5
1359	170	6	10
1360	171	6	12.5
1361	172	6	15.5
1362	173	6	13.5
1363	174	6	10.5
1364	175	6	10.5
1365	158	7	19.5
1366	159	7	13
1367	160	7	16.5
1368	161	7	17
1369	162	7	14
1370	163	7	14.5
1371	164	7	16.5
1372	165	7	13
1373	166	7	13.5
1374	167	7	13
1375	168	7	14.5
1376	169	7	11.5
1377	170	7	12.5
1378	171	7	11.5
1379	172	7	12
1380	173	7	14.5
1381	174	7	19
1382	175	7	10.5
1383	158	8	10
1384	159	8	10
1385	160	8	13
1386	161	8	13
1387	162	8	13
1388	163	8	10.5
1389	164	8	12.5
1390	165	8	15.5
1391	166	8	11.5
1392	167	8	13.5
1393	168	8	11.5
1394	169	8	15.5
1395	170	8	16
1396	171	8	12.5
1397	172	8	14.5
1398	173	8	14
1399	174	8	13
1400	175	8	15
1401	176	1	13.5
1402	177	1	5.5
1403	178	1	6.5
1404	179	1	15
1405	180	1	5.5
1406	181	1	9
1407	182	1	6
1408	183	1	13
1409	184	1	13
1410	185	1	11
1411	186	1	10
1412	187	1	11.5
1413	188	1	13
1414	189	1	8
1415	190	1	11
1416	191	1	16.5
1417	192	1	14.5
1418	193	1	11.5
1419	194	1	17
1420	176	2	8
1421	177	2	14
1422	178	2	17
1423	179	2	14
1424	180	2	15
1425	181	2	16
1426	182	2	11.5
1427	183	2	8
1428	184	2	10
1429	185	2	12.5
1430	186	2	5.5
1431	187	2	10
1432	188	2	13.5
1433	189	2	9.5
1434	190	2	11
1435	191	2	13
1436	192	2	14
1437	193	2	20
1438	194	2	11
1439	176	3	17
1440	177	3	14
1441	178	3	10.5
1442	179	3	9
1443	180	3	20
1444	181	3	10.5
1445	182	3	8
1446	183	3	11.5
1447	184	3	13.5
1448	185	3	11
1449	186	3	6
1450	187	3	13
1451	188	3	15.5
1452	189	3	12.5
1453	190	3	11.5
1454	191	3	14
1455	192	3	10
1456	193	3	14
1457	194	3	13.5
1458	176	4	19.5
1459	177	4	13
1460	178	4	9.5
1461	179	4	8
1462	180	4	6
1463	181	4	9
1464	182	4	14.5
1465	183	4	8
1466	184	4	16.5
1467	185	4	8.5
1468	186	4	4
1469	187	4	7
1470	188	4	11.5
1471	189	4	10
1472	190	4	13.5
1473	191	4	13.5
1474	192	4	8.5
1475	193	4	16.5
1476	194	4	7
1477	176	5	16
1478	177	5	10.5
1479	178	5	13
1480	179	5	3.5
1481	180	5	9
1482	181	5	13.5
1483	182	5	14
1484	183	5	12
1485	184	5	7.5
1486	185	5	14
1487	186	5	14
1488	187	5	12
1489	188	5	11
1490	189	5	15.5
1491	190	5	13
1492	191	5	12.5
1493	192	5	13.5
1494	193	5	16.5
1495	194	5	10.5
1496	176	6	14
1497	177	6	10
1498	178	6	10.5
1499	179	6	7
1500	180	6	13
1501	181	6	10
1502	182	6	8.5
1503	183	6	13
1504	184	6	12.5
1505	185	6	9.5
1506	186	6	12
1507	187	6	12.5
1508	188	6	11
1509	189	6	11
1510	190	6	9
1511	191	6	9.5
1512	192	6	18
1513	193	6	10
1514	194	6	7
1515	176	7	13
1516	177	7	13
1517	178	7	12
1518	179	7	14
1519	180	7	15.5
1520	181	7	9.5
1521	182	7	12
1522	183	7	19
1523	184	7	16
1524	185	7	16.5
1525	186	7	12.5
1526	187	7	9
1527	188	7	20
1528	189	7	14.5
1529	190	7	16
1530	191	7	12
1531	192	7	14
1532	193	7	13.5
1533	194	7	12.5
1534	176	8	17.5
1535	177	8	16
1536	178	8	13.5
1537	179	8	15
1538	180	8	17
1539	181	8	13
1540	182	8	11.5
1541	183	8	12
1542	184	8	14
1543	185	8	16
1544	186	8	12.5
1545	187	8	13
1546	188	8	14
1547	189	8	16.5
1548	190	8	15
1549	191	8	17.5
1550	192	8	14
1551	193	8	15.5
1552	194	8	8.5
1553	195	1	10
1554	196	1	13.5
1555	197	1	16
1556	198	1	20
1557	199	1	7
1558	200	1	13
1559	201	1	15
1560	202	1	13.5
1561	203	1	15
1562	204	1	13.5
1563	205	1	10.5
1564	206	1	5.5
1565	207	1	9.5
1566	208	1	6.5
1567	209	1	10.5
1568	210	1	14
1569	211	1	8.5
1570	212	1	10.5
1571	213	1	10.5
1572	214	1	14.5
1573	215	1	11
1574	216	1	12
1575	195	2	15
1576	196	2	7.5
1577	197	2	10
1578	198	2	9.5
1579	199	2	9
1580	200	2	13.5
1581	201	2	7
1582	202	2	10
1583	203	2	13.5
1584	204	2	8
1585	205	2	13
1586	206	2	16.5
1587	207	2	18.5
1588	208	2	7
1589	209	2	10
1590	210	2	9
1591	211	2	13.5
1592	212	2	11.5
1593	213	2	9.5
1594	214	2	6
1595	215	2	14.5
1596	216	2	12.5
1597	195	3	11.5
1598	196	3	15.5
1599	197	3	13
1600	198	3	8.5
1601	199	3	12.5
1602	200	3	9
1603	201	3	18
1604	202	3	3.5
1605	203	3	10
1606	204	3	11
1607	205	3	13.5
1608	206	3	12.5
1609	207	3	11
1610	208	3	7.5
1611	209	3	9
1612	210	3	12.5
1613	211	3	10.5
1614	212	3	13
1615	213	3	18
1616	214	3	11
1617	215	3	11.5
1618	216	3	11
1619	195	4	9
1620	196	4	6
1621	197	4	9
1622	198	4	9
1623	199	4	14.5
1624	200	4	14.5
1625	201	4	11.5
1626	202	4	6.5
1627	203	4	18
1628	204	4	11
1629	205	4	7.5
1630	206	4	13.5
1631	207	4	11.5
1632	208	4	8.5
1633	209	4	13.5
1634	210	4	11
1635	211	4	14.5
1636	212	4	6.5
1637	213	4	11
1638	214	4	13
1639	215	4	6
1640	216	4	15.5
1641	195	5	15
1642	196	5	11
1643	197	5	14
1644	198	5	9.5
1645	199	5	11
1646	200	5	12
1647	201	5	12.5
1648	202	5	14
1649	203	5	15.5
1650	204	5	13
1651	205	5	19
1652	206	5	13.5
1653	207	5	10
1654	208	5	11.5
1655	209	5	12.5
1656	210	5	14.5
1657	211	5	10.5
1658	212	5	13
1659	213	5	14
1660	214	5	13
1661	215	5	16.5
1662	216	5	11
1663	195	6	13.5
1664	196	6	11.5
1665	197	6	13.5
1666	198	6	17
1667	199	6	13.5
1668	200	6	14
1669	201	6	11.5
1670	202	6	14
1671	203	6	9
1672	204	6	12.5
1673	205	6	10
1674	206	6	15.5
1675	207	6	13
1676	208	6	17
1677	209	6	15.5
1678	210	6	10
1679	211	6	10
1680	212	6	12
1681	213	6	17.5
1682	214	6	8.5
1683	215	6	10.5
1684	216	6	12
1685	195	7	14
1686	196	7	16.5
1687	197	7	11
1688	198	7	8.5
1689	199	7	12
1690	200	7	13.5
1691	201	7	13
1692	202	7	12
1693	203	7	11.5
1694	204	7	14
1695	205	7	13
1696	206	7	11.5
1697	207	7	15
1698	208	7	11.5
1699	209	7	17.5
1700	210	7	13.5
1701	211	7	10.5
1702	212	7	14.5
1703	213	7	13
1704	214	7	11.5
1705	215	7	15.5
1706	216	7	15.5
1707	195	8	16
1708	196	8	17.5
1709	197	8	10.5
1710	198	8	9
1711	199	8	13.5
1712	200	8	16
1713	201	8	10.5
1714	202	8	14
1715	203	8	12
1716	204	8	12
1717	205	8	7
1718	206	8	15
1719	207	8	15
1720	208	8	14
1721	209	8	12.5
1722	210	8	14
1723	211	8	15
1724	212	8	16.5
1725	213	8	14.5
1726	214	8	17
1727	215	8	17
1728	216	8	12
1729	217	1	7.5
1730	218	1	12
1731	219	1	15.5
1732	220	1	10
1733	221	1	10.5
1734	222	1	13.5
1735	223	1	10
1736	224	1	10.5
1737	225	1	14.5
1738	226	1	10
1739	227	1	11.5
1740	228	1	9.5
1741	229	1	17
1742	230	1	6.5
1743	231	1	18.5
1744	232	1	16
1745	233	1	5.5
1746	234	1	14
1747	235	1	11.5
1748	217	2	11.5
1749	218	2	13.5
1750	219	2	10.5
1751	220	2	6.5
1752	221	2	11.5
1753	222	2	13.5
1754	223	2	9
1755	224	2	9
1756	225	2	12
1757	226	2	19
1758	227	2	9
1759	228	2	10.5
1760	229	2	10.5
1761	230	2	5
1762	231	2	12
1763	232	2	11
1764	233	2	10
1765	234	2	9.5
1766	235	2	9.5
1767	217	3	11.5
1768	218	3	15
1769	219	3	9
1770	220	3	14
1771	221	3	10.5
1772	222	3	18.5
1773	223	3	17
1774	224	3	15.5
1775	225	3	13.5
1776	226	3	6.5
1777	227	3	10
1778	228	3	8.5
1779	229	3	11
1780	230	3	15.5
1781	231	3	11.5
1782	232	3	13
1783	233	3	9
1784	234	3	13.5
1785	235	3	12
1786	217	4	18
1787	218	4	7
1788	219	4	12.5
1789	220	4	0
1790	221	4	12
1791	222	4	16
1792	223	4	9.5
1793	224	4	10
1794	225	4	4.5
1795	226	4	11.5
1796	227	4	19.5
1797	228	4	8
1798	229	4	11.5
1799	230	4	11.5
1800	231	4	19.5
1801	232	4	8.5
1802	233	4	9.5
1803	234	4	11
1804	235	4	11.5
1805	217	5	11.5
1806	218	5	13.5
1807	219	5	12
1808	220	5	14.5
1809	221	5	9.5
1810	222	5	10.5
1811	223	5	16
1812	224	5	12.5
1813	225	5	13
1814	226	5	17.5
1815	227	5	14.5
1816	228	5	12
1817	229	5	15
1818	230	5	14
1819	231	5	12
1820	232	5	9.5
1821	233	5	9.5
1822	234	5	10.5
1823	235	5	12.5
1824	217	6	6
1825	218	6	13.5
1826	219	6	15.5
1827	220	6	11
1828	221	6	14
1829	222	6	12
1830	223	6	14.5
1831	224	6	5
1832	225	6	15.5
1833	226	6	9.5
1834	227	6	11
1835	228	6	11
1836	229	6	13
1837	230	6	9
1838	231	6	5.5
1839	232	6	11
1840	233	6	9.5
1841	234	6	13.5
1842	235	6	10.5
1843	217	7	13
1844	218	7	15.5
1845	219	7	15.5
1846	220	7	12.5
1847	221	7	14.5
1848	222	7	17.5
1849	223	7	15
1850	224	7	10
1851	225	7	13
1852	226	7	15
1853	227	7	17.5
1854	228	7	13.5
1855	229	7	16
1856	230	7	14
1857	231	7	13
1858	232	7	15.5
1859	233	7	13.5
1860	234	7	10.5
1861	235	7	15.5
1862	217	8	13.5
1863	218	8	13.5
1864	219	8	15
1865	220	8	13.5
1866	221	8	10
1867	222	8	12
1868	223	8	15
1869	224	8	14.5
1870	225	8	12.5
1871	226	8	15.5
1872	227	8	14
1873	228	8	12.5
1874	229	8	15
1875	230	8	12.5
1876	231	8	11
1877	232	8	14.5
1878	233	8	16
1879	234	8	13
1880	235	8	19
\.

-- ─── RÉINITIALISATION DES SÉQUENCES ───────────────────────────

SELECT setval('classes_id_seq',   (SELECT MAX(id) FROM classes));
SELECT setval('matieres_id_seq',  (SELECT MAX(id) FROM matieres));
SELECT setval('etudiants_id_seq', (SELECT MAX(id) FROM etudiants));
SELECT setval('notes_id_seq',     (SELECT MAX(id) FROM notes));
